venue_id,venue_name
arkea-arena---bordeaux-53144,ARKEA ARENA - BORDEAUX(33)
opera-national-de-bordeaux--grand-theatre-auditorium-8446,OPERA NATIONAL DE BORDEAUX / GRAND THEATRE/ AUDITORIUM(33)
theatre-casino-barriere-a-bordeaux-18073,THEATRE CASINO BARRIERE A BORDEAUX(33)
iboat-a-bordeaux-39764,IBOAT A BORDEAUX(33)
limpromptu-a-bordeaux-68893,L'IMPROMPTU A BORDEAUX(33)
theatre-trianon-ex-centre-jean-vigo-a-bordeaux-22190,THEATRE TRIANON (ex CENTRE JEAN VIGO) A BORDEAUX(33)
salle-des-fetes-du-grand-parc-a-bordeaux-27751,SALLE DES FETES DU GRAND PARC A BORDEAUX(33)
palais-des-congres-de-bordeaux-13041,PALAIS DES CONGRES DE BORDEAUX(33)
galerie-tatry--cafe-theatre-des-chartrons-de-bordeaux-18820,GALERIE TATRY / CAFE THEATRE DES CHARTRONS DE BORDEAUX(33)
chapiteau-a-bordeaux-51917,CHAPITEAU A BORDEAUX(33)
eglise-notre-dame-a-bordeaux-16349,EGLISE NOTRE DAME A BORDEAUX(33)
theatre-victoire-a-bordeaux-36992,THEATRE VICTOIRE A BORDEAUX(33)
blonde-venus-a-bordeaux-64359,BLONDE VENUS A BORDEAUX(33)
cafe-theatre-des-beaux-arts-a-bordeaux-22142,CAFE THEATRE DES BEAUX ARTS A BORDEAUX(33)
theatre-la-pergola-a-bordeaux-30565,THEATRE LA PERGOLA A BORDEAUX(33)
theatre-inox-ex---theatre-onyx-a-bordeaux-20279,THEATRE INOX (EX - THEATRE ONYX) A BORDEAUX(33)
cinema-cgr-bordeaux-le-francais-74207,CINEMA CGR BORDEAUX LE FRANCAIS(33)
la-grande-poste-a-bordeaux-55819,LA GRANDE POSTE A BORDEAUX(33)
theatre-des-salinieres-a-bordeaux-23597,THEATRE DES SALINIERES A BORDEAUX(33)
la-sirene-a-bordeaux-52740,LA SIRENE A BORDEAUX(33)
goethe-institut-a-bordeaux-21971,GOETHE INSTITUT A BORDEAUX(33)
cest-chez-nous-a-bordeaux-41751,C'EST CHEZ NOUS A BORDEAUX(33)
bistrot-boheme-a-bordeaux-62399,BISTROT BOHEME A BORDEAUX(33)
virgin-megastore-bordeaux-30403,VIRGIN MEGASTORE BORDEAUX(33)
pont-chaban-delmas-a-bordeaux-47880,PONT CHABAN DELMAS A BORDEAUX(33)
chez-le-pepere-a-bordeaux-37292,CHEZ LE PEPERE A BORDEAUX(33)
brasserie-des-halles-a-bordeaux-55633,BRASSERIE DES HALLES A BORDEAUX(33)
eglise-du-sacre-coeur-a-bordeaux-24236,EGLISE DU SACRE COEUR A BORDEAUX(33)
le-titi-twister-a-bordeaux-42769,LE TITI TWISTER A BORDEAUX(33)
reine-cargo-a-bordeaux-69945,REINE CARGO A BORDEAUX(33)
lannexe-a-bordeaux-32803,L'ANNEXE A BORDEAUX(33)
lentrepot-a-bordeaux-50292,L'ENTREPOT A BORDEAUX(33)
musee-daquitaine-de-bordeaux-17257,MUSEE D'AQUITAINE DE BORDEAUX(33)
hotel-particulier-a-bordeaux-39104,HOTEL PARTICULIER A BORDEAUX(33)
le-black-27392,LE BLACK & WINE A BORDEAUX(33)
comptoir-ephemere-ex-comptoir-du-jazz-a-bordeaux-8341,COMPTOIR EPHEMERE (ex COMPTOIR DU JAZZ) A BORDEAUX(33)
maison-des-arts-de-luniversite-bordeaux-iii-35824,MAISON DES ARTS DE L'UNIVERSITE BORDEAUX III(33)
les-chantiers-de-la-garonne-a-bordeaux-76555,LES CHANTIERS DE LA GARONNE A BORDEAUX(33)
le-vip-garden-a-bordeaux-36072,LE VIP GARDEN A BORDEAUX(33)
theatre-drole-de-scene-de-bordeaux-76919,THEATRE DROLE DE SCENE DE BORDEAUX(33)
eglise-sainte-genevieve-de-bordeaux-53125,EGLISE SAINTE GENEVIEVE DE BORDEAUX(33)
la-grange-a-bordeaux-41752,LA GRANGE A BORDEAUX(33)
parc-riviere-a-bordeaux-62501,PARC RIVIERE A BORDEAUX(33)
eglise-sainte-croix-a-bordeaux-30546,EGLISE SAINTE CROIX A BORDEAUX(33)
espace-ds-a-bordeaux-48003,ESPACE DS A BORDEAUX(33)
comedie-gallien-a-bordeaux-13144,COMEDIE GALLIEN A BORDEAUX(33)
capu-marche-des-capucins-a-bordeaux-37293,CAP'U (MARCHE DES CAPUCINS) A BORDEAUX(33)
labotheatre-larousselle-a-bordeaux-55765,LABOTHEATRE LAROUSSELLE A BORDEAUX(33)
le-night-floore-a-bordeaux-24391,LE NIGHT FLOORE A BORDEAUX(33)
quai-des-chartrons-a-bordeaux-42925,QUAI DES CHARTRONS A BORDEAUX(33)
walky-bar-a-bordeaux-70783,WALKY BAR A BORDEAUX(33)
le-living-room-a-bordeaux-32880,LE LIVING ROOM A BORDEAUX(33)
eglise-saint-bruno-a-bordeaux-50300,EGLISE SAINT BRUNO A BORDEAUX(33)
espace-artisse-a-bordeaux-17273,ESPACE ARTISSE A BORDEAUX(33)
quai-sainte-croix-a-bordeaux-39532,QUAI SAINTE CROIX A BORDEAUX(33)
eglise-saint-victor-a-bordeaux-58862,EGLISE SAINT-VICTOR A BORDEAUX(33)
lextrem-a-bordeaux-27617,L'EXTREM A BORDEAUX(33)
le-before-b4-a-bordeaux-45076,LE BEFORE (B4) A BORDEAUX(33)
les-runes-a-bordeaux-36141,LES RUNES A BORDEAUX(33)
salle-opera-club-a-bordeaux-48068,SALLE OPERA CLUB A BORDEAUX(33)
theatre-national-bordeaux-aquitaine-14350,THEATRE NATIONAL BORDEAUX AQUITAINE(33)
le-saint-christophe-a-bordeaux-37294,LE SAINT CHRISTOPHE A BORDEAUX(33)
cinema-utopia-a-bordeaux-24556,CINEMA UTOPIA A BORDEAUX(33)
place-des-martyrs-de-la-resistance-a-bordeaux-42983,PLACE DES MARTYRS DE LA RESISTANCE A BORDEAUX(33)
parc-des-expositions-de-bordeaux-71225,PARC DES EXPOSITIONS DE BORDEAUX(33)
place-pey-berland-a-bordeaux-32950,PLACE PEY BERLAND A BORDEAUX(33)
deck-club-a-bordeaux-50308,DECK CLUB A BORDEAUX(33)
quai-de-queyries-a-bordeaux-39534,QUAI DE QUEYRIES A BORDEAUX(33)
drole-de-scene-a-bordeaux-59857,DROLE DE SCENE A BORDEAUX(33)
le-live-cafe-a-bordeaux-27738,LE LIVE CAFE A BORDEAUX(33)
le-lucifer-a-bordeaux-8652,LE LUCIFER A BORDEAUX(33)
theatre-quintin-loucheur-a-bordeaux-36238,THEATRE QUINTIN LOUCHEUR A BORDEAUX(33)
placette-de-munich-a-bordeaux-53223,PLACETTE DE MUNICH A BORDEAUX(33)
basilique-saint-michel-a-bordeaux-41859,BASILIQUE SAINT MICHEL A BORDEAUX(33)
s-kandalo-a-bordeaux-31429,S-KANDALO A BORDEAUX(33)
lenvers-a-bordeaux-48546,L'ENVERS A BORDEAUX(33)
halle-des-chartrons-a-bordeaux-14610,HALLE DES CHARTRONS A BORDEAUX(33)
central-do-brasil-a-bordeaux-37295,CENTRAL DO BRASIL A BORDEAUX(33)
allez-les-filles-a-bordeaux-56003,ALLEZ LES FILLES A BORDEAUX(33)
le-point-du-jour-a-bordeaux-24649,LE POINT DU JOUR A BORDEAUX(33)
place-du-parlement-a-bordeaux-43206,PLACE DU PARLEMENT A BORDEAUX(33)
palais-gallien-a-bordeaux-71489,PALAIS GALLIEN A BORDEAUX(33)
cafe-des-jours-heureux-a-bordeaux-32956,CAFE DES JOURS HEUREUX A BORDEAUX(33)
eglise-saint-nicolas-a-bordeaux-50581,EGLISE SAINT NICOLAS A BORDEAUX(33)
la-benauge-a-bordeaux-17966,LA BENAUGE A BORDEAUX(33)
amadeus-song-a-bordeaux-27744,AMADEUS SONG A BORDEAUX(33)
musee-ethnographique-de-bordeaux-meb-45175,MUSEE ETHNOGRAPHIQUE DE BORDEAUX (MEB)(33)
fnac-de-bordeaux-9106,FNAC DE BORDEAUX(33)
le-garage-moderne-a-bordeaux-36296,LE GARAGE MODERNE A BORDEAUX(33)
dalle-du-pertuis-bassins-a-flot-de-bordeaux-53265,DALLE DU PERTUIS/ BASSINS A FLOT DE BORDEAUX(33)
eglise-saint-marie-de-la-bastide-a-bordeaux-22725,EGLISE SAINT MARIE DE LA BASTIDE A BORDEAUX(33)
marche-de-lerme-a-bordeaux-41860,MARCHE DE LERME A BORDEAUX(33)
place-des-capucins-a-bordeaux-65807,PLACE DES CAPUCINS A BORDEAUX(33)
bar-le-saint-michel-a-bordeaux-31563,BAR LE SAINT MICHEL A BORDEAUX(33)
agence-credit-mutuel-bordeaux-centre-48547,AGENCE CREDIT MUTUEL BORDEAUX CENTRE(33)
la-dame-de-shanghai--bassin-a-flot-a-bordeaux-14793,LA DAME DE SHANGHAI / BASSIN A FLOT A BORDEAUX(33)
marche-victor-hugo-a-bordeaux-37388,MARCHE VICTOR HUGO A BORDEAUX(33)
la-causerie-des-chartrons-a-bordeaux-56004,LA CAUSERIE DES CHARTRONS A BORDEAUX(33)
cour-mably-a-bordeaux-24753,COUR MABLY A BORDEAUX(33)
jardin-de-lhotel-de-ville-de-bordeaux-43337,JARDIN DE L'HOTEL DE VILLE DE BORDEAUX(33)
le-society-a-bordeaux-71927,LE SOCIETY A BORDEAUX(33)
el-chicho-a-bordeaux-33312,EL CHICHO A BORDEAUX(33)
dirty-club-a-bordeaux-50603,DIRTY CLUB A BORDEAUX(33)
parc-des-sports-saint-michel-a-bordeaux-40240,PARC DES SPORTS SAINT MICHEL A BORDEAUX(33)
lavant-scene-a-bordeaux-60393,L'AVANT SCENE A BORDEAUX(33)
le-chai-doc-a-bordeaux-45256,LE CHAI D'OC A BORDEAUX(33)
salle-pierre-tachou-a-bordeaux-45576,SALLE PIERRE TACHOU A BORDEAUX(33)
espace-du-lac--parc-des-expos-a-bordeaux-9366,ESPACE DU LAC / PARC DES EXPOS A BORDEAUX(33)
fl4-a-bordeaux-36731,FL4 A BORDEAUX(33)
college-fieffe-a-bordeaux-53421,COLLEGE FIEFFE A BORDEAUX(33)
temple-du-ha-a-bordeaux-22842,TEMPLE DU HA A BORDEAUX(33)
eglise-saint-paul-a-bordeaux-42082,EGLISE SAINT PAUL A BORDEAUX(33)
minus-pub-a-bordeaux-66297,MINUS PUB A BORDEAUX(33)
eglise-saint-amand-cauderan-a-bordeaux-31700,EGLISE SAINT AMAND CAUDERAN A BORDEAUX(33)
cave-des-artistes-de-bordeaux-48666,CAVE DES ARTISTES DE BORDEAUX(33)
la-centrale-a-bordeaux-14845,LA CENTRALE A BORDEAUX(33)
theatre-la-boite-a-jouer-a-bordeaux-37389,THEATRE LA BOITE A JOUER A BORDEAUX(33)
eglise-saint-paul-des-dominicains-a-bordeaux-56209,EGLISE SAINT PAUL DES DOMINICAINS A BORDEAUX(33)
leclipse-a-bordeaux-24756,L'ECLIPSE A BORDEAUX(33)
halles-des-douves-a-bordeaux-43721,HALLES DES DOUVES A BORDEAUX(33)
quai-de-la-douane-a-bordeaux-71983,QUAI DE LA DOUANE A BORDEAUX(33)
couvent-de-lannonciade-a-bordeaux-33387,COUVENT DE L'ANNONCIADE A BORDEAUX(33)
inglorious-bar-star-a-bordeaux-51117,INGLORIOUS BAR STAR A BORDEAUX(33)
les-lectures-aleatoires-a-bordeaux-40374,LES LECTURES ALEATOIRES A BORDEAUX(33)
la-voute-a-bordeaux-60397,LA VOUTE A BORDEAUX(33)
centre-danimation-saint-pierre-a-bordeaux-27753,CENTRE D'ANIMATION SAINT PIERRE A BORDEAUX(33)
athenee-municipal-joseph-wresinski-a-bordeaux-45577,ATHENEE MUNICIPAL JOSEPH WRESINSKI A BORDEAUX(33)
bateau-ville-de-bordeaux-9586,BATEAU VILLE DE BORDEAUX(33)
cafe-pompier-a-bordeaux-36738,CAFE POMPIER A BORDEAUX(33)
parvis-des-freres-pouyanne-a-bordeaux-53523,PARVIS DES FRERES POUYANNE A BORDEAUX(33)
le-medieval-a-bordeaux-23046,LE MEDIEVAL A BORDEAUX(33)
el-chuchumbe-a-bordeaux-42229,EL CHUCHUMBE A BORDEAUX(33)
kitchen-studio-a-bordeaux-66299,KITCHEN STUDIO A BORDEAUX(33)
el-boqueron-a-bordeaux-31740,EL BOQUERON A BORDEAUX(33)
booboo-zzz-club-a-bordeaux-48718,BOOBOO ZZZ CLUB A BORDEAUX(33)
ciam-a-bordeaux-14857,CIAM A BORDEAUX(33)
le-oloops-a-bordeaux-37609,LE OLOOPS A BORDEAUX(33)
place-ferdinand-buisson-a-bordeaux-56311,PLACE FERDINAND BUISSON A BORDEAUX(33)
king-palace-a-bordeaux-24757,KING PALACE A BORDEAUX(33)
quai-deschamps-a-bordeaux-43768,QUAI DESCHAMPS A BORDEAUX(33)
quai-louis-xviii-a-bordeaux-71985,QUAI LOUIS XVIII A BORDEAUX(33)
le-patio-a-bordeaux-33411,LE PATIO A BORDEAUX(33)
hangar-darwin-a-bordeaux-51141,HANGAR DARWIN A BORDEAUX(33)
fnac-bordeaux-centre-19000,FNAC BORDEAUX CENTRE(33)
bar-de-la-marine-a-bordeaux-40555,BAR DE LA MARINE A BORDEAUX(33)
limperio-a-bordeaux-60398,L'IMPERIO A BORDEAUX(33)
salle-son-tay-a-bordeaux-27754,SALLE SON TAY A BORDEAUX(33)
le-dark-wave-a-bordeaux-28264,LE DARK WAVE A BORDEAUX(33)
auditorium-saint-genes-a-bordeaux-45578,AUDITORIUM SAINT GENES A BORDEAUX(33)
stade-charles-martin-a-bordeaux-9891,STADE CHARLES MARTIN A BORDEAUX(33)
le-chico-loco-a-bordeaux-36777,LE CHICO LOCO A BORDEAUX(33)
le-point-rouge-a-bordeaux-54356,LE POINT ROUGE A BORDEAUX(33)
la-cave-belge-a-bordeaux-23121,LA CAVE BELGE A BORDEAUX(33)
broca-4-a-bordeaux-42243,BROCA 4 A BORDEAUX(33)
cour-du-musee-des-arts-decoratifs-et-du-design-bordeaux-67475,COUR DU MUSEE DES ARTS DECORATIFS ET DU DESIGN BORDEAUX(33)
bulle-de-fabrique-a-bordeaux-31959,BULLE DE FABRIQUE A BORDEAUX(33)
la-cave-du-terroir-a-bordeaux-48719,LA CAVE DU TERROIR A BORDEAUX(33)
la-lune-dans-le-caniveau-a-bordeaux-14957,LA LUNE DANS LE CANIVEAU A BORDEAUX(33)
bourse-du-travail-a-bordeaux-37611,BOURSE DU TRAVAIL A BORDEAUX(33)
esplanade-meriadeck-a-bordeaux-56312,ESPLANADE MERIADECK A BORDEAUX(33)
place-amedee-larrieu-a-bordeaux-25017,PLACE AMEDEE LARRIEU A BORDEAUX(33)
place-victor-raulin-a-bordeaux-44006,PLACE VICTOR RAULIN A BORDEAUX(33)
firstname-a-bordeaux-72565,FIRSTNAME A BORDEAUX(33)
brasserie-du-port-a-bordeaux-73681,BRASSERIE DU PORT A BORDEAUX(33)
light-club-a-bordeaux-51239,LIGHT CLUB A BORDEAUX(33)
le-saint-ex-a-bordeaux-19196,LE SAINT EX A BORDEAUX(33)
ecole-de-cirque-a-bordeaux-40556,ECOLE DE CIRQUE A BORDEAUX(33)
conservatoire-regional-de-bordeaux-jacques-thibaud-60482,CONSERVATOIRE REGIONAL DE BORDEAUX JACQUES THIBAUD(33)
rue-joseph-brunet-a-bordeaux-28866,RUE JOSEPH BRUNET A BORDEAUX(33)
lhibiscus-a-bordeaux-45653,L'HIBISCUS A BORDEAUX(33)
stade-chaban-delmas--a-bordeaux-11147,STADE CHABAN DELMAS  A BORDEAUX(33)
lours-marin-a-bordeaux-36818,L'OURS MARIN A BORDEAUX(33)
place-buscaillet-a-bordeaux-54357,PLACE BUSCAILLET A BORDEAUX(33)
maison-cantonale-de-bordeaux-23254,MAISON CANTONALE DE BORDEAUX(33)
eglise-sainte-eulalie-a-bordeaux-42265,EGLISE SAINTE EULALIE A BORDEAUX(33)
plein-air-a-bordeaux-67663,PLEIN AIR A BORDEAUX(33)
ls-cafe-a-bordeaux-32160,LS CAFE A BORDEAUX(33)
discotheque-le-pacha-a-bordeaux-48860,DISCOTHEQUE LE PACHA A BORDEAUX(33)
galerie-des-beaux-arts-a-bordeaux-15056,GALERIE DES BEAUX ARTS A BORDEAUX(33)
tchai-bar-a-bordeaux-37891,TCHAI BAR A BORDEAUX(33)
aire-rafael-padilla-a-bordeaux-56313,AIRE RAFAEL PADILLA A BORDEAUX(33)
centre-danimation-queyries-a-bordeaux-26134,CENTRE D'ANIMATION QUEYRIES A BORDEAUX(33)
bateau-aquitania-a-bordeaux-44034,BATEAU AQUITANIA A BORDEAUX(33)
le-sicambre-bateau-restaurant-a-bordeaux-72571,LE SICAMBRE BATEAU RESTAURANT A BORDEAUX(33)
ola-ke-tal-a-bordeaux-33933,OLA KE TAL A BORDEAUX(33)
la-cassette-a-bordeaux-73689,LA CASSETTE A BORDEAUX(33)
bateau-sicambre-a-bordeaux-51348,BATEAU SICAMBRE A BORDEAUX(33)
eglise-sainte-marie-de-bordeaux-19293,EGLISE SAINTE MARIE DE BORDEAUX(33)
cafe-brun-a-bordeaux-40607,CAFE BRUN A BORDEAUX(33)
astrodome-a-bordeaux-60606,ASTRODOME A BORDEAUX(33)
espace-saint-remi-a-bordeaux-28945,ESPACE SAINT REMI A BORDEAUX(33)
le-bootleg-a-bordeaux-45715,LE BOOTLEG A BORDEAUX(33)
theatre-du-pont-tournant-a-bordeaux-11238,THEATRE DU PONT TOURNANT A BORDEAUX(33)
parc-de-bacalan-a-bordeaux-54358,PARC DE BACALAN A BORDEAUX(33)
la-vigie-a-bordeaux-23374,LA VIGIE A BORDEAUX(33)
atelier-laurent-durrey--atelier-18-a-bordeaux-42375,ATELIER LAURENT DURREY / ATELIER 18 A BORDEAUX(33)
jardin-public-a-bordeaux-67691,JARDIN PUBLIC A BORDEAUX(33)
leclypse-a-bordeaux-32265,L'ECLYPSE A BORDEAUX(33)
machine-a-musique-a-bordeaux-48904,MACHINE A MUSIQUE A BORDEAUX(33)
brasserie-de-belcier-a-bordeaux-56409,BRASSERIE DE BELCIER A BORDEAUX(33)
maison-des-basques-a-bordeaux-26135,MAISON DES BASQUES A BORDEAUX(33)
port-autonome-de-bordeaux-44106,PORT AUTONOME DE BORDEAUX(33)
site-de-lumi-a-bordeaux-72573,SITE DE LUMI A BORDEAUX(33)
chapelle-de-la-drac-a-bordeaux-34157,CHAPELLE DE LA DRAC A BORDEAUX(33)
eglise-saint-remi-de-la-vigne-a-bordeaux-73915,EGLISE SAINT REMI DE LA VIGNE A BORDEAUX(33)
quai-richelieu-a-bordeaux-51350,QUAI RICHELIEU A BORDEAUX(33)
blueberry-a-bordeaux-19348,BLUEBERRY A BORDEAUX(33)
place-saint-michel-a-bordeaux-40665,PLACE SAINT MICHEL A BORDEAUX(33)
cancan-a-bordeaux-60758,CANCAN A BORDEAUX(33)
la-pachanga-a-bordeaux-60875,LA PACHANGA A BORDEAUX(33)
apollo-bar-a-bordeaux-29211,APOLLO BAR A BORDEAUX(33)
la-tencha-a-bordeaux-45782,LA TENCHA A BORDEAUX(33)
le-globe-a-bordeaux-37052,LE GLOBE A BORDEAUX(33)
guitars-54645,GUITARS & CO A BORDEAUX(33)
le-holart-a-bordeaux-23375,LE HOL'ART A BORDEAUX(33)
impulse-club-a-bordeaux-42459,IMPULSE CLUB A BORDEAUX(33)
le-zig-zag-a-bordeaux-32303,LE ZIG ZAG A BORDEAUX(33)
eglise-notre-dame-des-anges-a-bordeaux-49051,EGLISE NOTRE DAME DES ANGES A BORDEAUX(33)
eglise-saint-augustin-a-bordeaux-15286,EGLISE SAINT AUGUSTIN A BORDEAUX(33)
le-marquis-a-bordeaux-38599,LE MARQUIS A BORDEAUX(33)
centre-de-tri-postal-armagnac-a-bordeaux-56674,CENTRE DE TRI POSTAL ARMAGNAC A BORDEAUX(33)
le-taratata-a-bordeaux-26610,LE TARATATA A BORDEAUX(33)
bacalan-a-bordeaux-44288,BACALAN A BORDEAUX(33)
megarama-a-bordeaux-73529,MEGARAMA A BORDEAUX(33)
eglise-saint-martial-a-bordeaux-34268,EGLISE SAINT MARTIAL A BORDEAUX(33)
universite-de-bordeaux---campus-victoire-74151,UNIVERSITE DE BORDEAUX - CAMPUS VICTOIRE(33)
lazuli-de-bordeaux-19555,L'AZULI DE BORDEAUX(33)
les-vivres-de-lart-a-bordeaux-40837,LES VIVRES DE L'ART A BORDEAUX(33)
le-pavillon-noir-a-bordeaux-41139,LE PAVILLON NOIR A BORDEAUX(33)
parc-aux-angeliques-a-bordeaux-61060,PARC AUX ANGELIQUES A BORDEAUX(33)
place-de-la-bourse-a-bordeaux-29246,PLACE DE LA BOURSE A BORDEAUX(33)
le-vinset-a-bordeaux-45790,LE VINSET A BORDEAUX(33)
petit-rouge-de-bordeaux-11336,PETIT ROUGE DE BORDEAUX(33)
casa-latino-a-bordeaux-37053,CASA LATINO A BORDEAUX(33)
amphi-700-de-luniversite-bordeaux-montaigne-54849,AMPHI 700 DE L'UNIVERSITE BORDEAUX MONTAIGNE(33)
congo-cafe-a-bordeaux-23417,CONGO CAFE A BORDEAUX(33)
h36-a-bordeaux-42522,H36 A BORDEAUX(33)
place-andre-meunier-a-bordeaux-68921,PLACE ANDRE MEUNIER A BORDEAUX(33)
labrenat-a-bordeaux-32308,L'ABRENAT A BORDEAUX(33)
villa-88-a-bordeaux-49497,VILLA 88 A BORDEAUX(33)
plein-air-a-bordeaux-15688,PLEIN AIR A BORDEAUX(33)
domaine-universitaire-bordeaux-3-scene-exterieure-38693,DOMAINE UNIVERSITAIRE BORDEAUX 3 (SCENE EXTERIEURE)(33)
pont-de-pierre-a-bordeaux-56990,PONT DE PIERRE A BORDEAUX(33)
le-chat-qui-peche-a-bordeaux-26734,LE CHAT QUI PECHE A BORDEAUX(33)
esplanade-universite-bordeaux-iv-44495,ESPLANADE UNIVERSITE BORDEAUX IV(33)
patinoire-meriadeck-a-bordeaux-1155,PATINOIRE MERIADECK A BORDEAUX(33)
plein-air-a-carignan-de-bordeaux-34417,PLEIN AIR A CARIGNAN DE BORDEAUX(33)
mama-shelter-bordeaux-52337,MAMA SHELTER BORDEAUX(33)
institut-cervantes-a-bordeaux-20038,INSTITUT CERVANTES A BORDEAUX(33)
galeries-lafayette-a-bordeaux-41147,GALERIES LAFAYETTE A BORDEAUX(33)
crous-de-bordeaux-aquitaine-62181,CROUS DE BORDEAUX AQUITAINE(33)
esplanade-des-quinconces-a-bordeaux-29789,ESPLANADE DES QUINCONCES A BORDEAUX(33)
le-caillou--jardin-botanique-de-bordeaux-46399,LE CAILLOU / JARDIN BOTANIQUE DE BORDEAUX(33)
cafe-des-sports-a-bordeaux-11464,CAFE DES SPORTS A BORDEAUX(33)
loxford-arms-a-bordeaux-37054,L'OXFORD ARMS A BORDEAUX(33)
la-taupiniere-a-bordeaux-55024,LA TAUPINIERE A BORDEAUX(33)
la-plage-a-bordeaux-42528,LA PLAGE A BORDEAUX(33)
purgatory-a-bordeaux-69485,PURGATORY A BORDEAUX(33)
le-cafe-des-moines-a-bordeaux-32381,LE CAFE DES MOINES A BORDEAUX(33)
chapelle-du-crous-a-bordeaux-49500,CHAPELLE DU CROUS A BORDEAUX(33)
basilique-saint-seurin-a-bordeaux-16322,BASILIQUE SAINT SEURIN A BORDEAUX(33)
why-not-a-bordeaux-38698,WHY NOT A BORDEAUX(33)
chez-pip--maison-pip-a-bordeaux-57262,CHEZ PIP / MAISON PIP A BORDEAUX(33)
le-balthazar-industrie-a-bordeaux-26940,LE BALTHAZAR INDUSTRIE A BORDEAUX(33)
agence-2e2f-a-bordeaux-44496,AGENCE 2E2F A BORDEAUX(33)
palais-des-sports-de-bordeaux-1156,PALAIS DES SPORTS DE BORDEAUX(33)
place-du-palais-a-bordeaux-34605,PLACE DU PALAIS A BORDEAUX(33)
levrette-cafe-a-bordeaux-74725,LEVRETTE CAFE A BORDEAUX(33)
quartier-libre-a-bordeaux-52423,QUARTIER LIBRE A BORDEAUX(33)
cathedrale-saint-andre-a-bordeaux-20597,CATHEDRALE SAINT ANDRE A BORDEAUX(33)
la-tour-des-chartrons-a-bordeaux-41193,LA TOUR DES CHARTRONS A BORDEAUX(33)
grand-hotel-bordeaux-62207,GRAND HOTEL BORDEAUX(33)
le-santosha-a-bordeaux-29969,LE SANTOSHA A BORDEAUX(33)
blackroom-a-bordeaux-46453,BLACKROOM A BORDEAUX(33)
capc-musee-dart-contemporain-de-bordeaux-11564,CAPC MUSEE D'ART CONTEMPORAIN DE BORDEAUX(33)
total-heaven-a-bordeaux-37055,TOTAL HEAVEN A BORDEAUX(33)
pauls-place-bordeaux-55095,PAUL'S PLACE BORDEAUX(33)
shine-club---fabrick--skandalo-a-bordeaux-23746,SHINE CLUB /  FABRICK / SKANDALO A BORDEAUX(33)
harmonia-mundi-a-bordeaux-42615,HARMONIA MUNDI A BORDEAUX(33)
gargalou-a-bordeaux-69593,GARGALOU A BORDEAUX(33)
le-sqar-a-bordeaux-32593,LE SQAR A BORDEAUX(33)
rubis-club-a-bordeaux-49839,RUBIS CLUB A BORDEAUX(33)
scene-du-miroir-deau-a-bordeaux-38790,SCENE DU MIROIR D'EAU A BORDEAUX(33)
gare-de-bordeaux-saint-jean-57771,GARE DE BORDEAUX SAINT-JEAN(33)
cafe-maritime-a-bordeaux-26992,CAFE MARITIME A BORDEAUX(33)
respublica-a-bordeaux-44595,RESPUBLICA A BORDEAUX(33)
lusine-de-bordeaux-1250,L'USINE DE BORDEAUX(33)
lantidote-a-bordeaux-34843,L'ANTIDOTE A BORDEAUX(33)
union-saint-bruno-a-bordeaux-74731,UNION SAINT BRUNO A BORDEAUX(33)
bar-tabac-bt-st-michel-a-bordeaux-52523,BAR TABAC (BT) ST-MICHEL A BORDEAUX(33)
le-glob-theatre-a-bordeaux-21564,LE GLOB THEATRE A BORDEAUX(33)
le-wunderbar-a-bordeaux-41250,LE WUNDERBAR A BORDEAUX(33)
institut-culturel-bernard-magrez-a-bordeaux-62221,INSTITUT CULTUREL BERNARD MAGREZ A BORDEAUX(33)
place-fernand-lafargue-a-bordeaux-29970,PLACE FERNAND LAFARGUE A BORDEAUX(33)
place-dormoy-a-bordeaux-46800,PLACE DORMOY A BORDEAUX(33)
novo-local-a-bordeaux-37136,NOVO LOCAL A BORDEAUX(33)
le-fridge-a-bordeaux-55117,LE FRIDGE A BORDEAUX(33)
place-de-la-victoire-a-bordeaux-23991,PLACE DE LA VICTOIRE A BORDEAUX(33)
cock-and-bull-a-bordeaux-42661,COCK AND BULL A BORDEAUX(33)
grizzly-pub-a-bordeaux-69615,GRIZZLY PUB A BORDEAUX(33)
le-funky-burger-a-bordeaux-32594,LE FUNKY BURGER A BORDEAUX(33)
one-club-a-bordeaux-49943,ONE CLUB A BORDEAUX(33)
shadow-lounge-16788,SHADOW LOUNGE & WHITE GARDEN A BORDEAUX(33)
le-chato-a-bordeaux-38806,LE CHATO A BORDEAUX(33)
eglise-saint-pierre--de-bordeaux-57785,EGLISE SAINT-PIERRE  DE BORDEAUX(33)
la-cale-seche-a-bordeaux-27301,LA CALE SECHE A BORDEAUX(33)
hall-de-la-bourse--palais-de-la-bourse-a-bordeaux-44828,HALL DE LA BOURSE / PALAIS DE LA BOURSE A BORDEAUX(33)
le-nautilus-de-bordeaux-4240,LE NAUTILUS DE BORDEAUX(33)
caserne-niel-a-bordeaux-34989,CASERNE NIEL A BORDEAUX(33)
parc-des-berges-a-bordeaux-75155,PARC DES BERGES A BORDEAUX(33)
la-cueva-a-bordeaux-52524,LA CUEVA A BORDEAUX(33)
centre-social-et-danimation-saint-michel-a-bordeaux-21739,CENTRE SOCIAL ET D'ANIMATION SAINT MICHEL A BORDEAUX(33)
atelier-zohar-a-bordeaux-41709,ATELIER ZOHAR A BORDEAUX(33)
cafes-classiques-de-la-faiencerie-a-bordeaux-62397,CAFES CLASSIQUES DE LA FAIENCERIE A BORDEAUX(33)
le-chat-gourmand-a-bordeaux-30388,LE CHAT GOURMAND A BORDEAUX(33)
nouvel-auditorium-de-bordeaux-46878,NOUVEL AUDITORIUM DE BORDEAUX(33)
musee-des-arts-decoratifs-de-bordeaux-12988,MUSEE DES ARTS DECORATIFS DE BORDEAUX(33)
cultura-a-bordeaux-37228,CULTURA A BORDEAUX(33)
stade-matmut-atlantique-a-bordeaux-55157,STADE MATMUT ATLANTIQUE A BORDEAUX(33)
grande-synagogue-de-bordeaux-24205,GRANDE SYNAGOGUE DE BORDEAUX(33)
quai-des-sports-a-bordeaux-42735,QUAI DES SPORTS A BORDEAUX(33)
les-brocs-a-bordeaux-69617,LES BROC'S A BORDEAUX(33)
loenolimit-a-bordeaux-32597,L'OENOLIMIT A BORDEAUX(33)
hangar-14--a-bordeaux-16930,HANGAR 14  A BORDEAUX(33)
place-saint-projet-a-bordeaux-39008,PLACE SAINT PROJET A BORDEAUX(33)
lieu-tenu-secret-a-bordeaux-57920,LIEU TENU SECRET A BORDEAUX(33)
la-belle-excuse-a-bordeaux-27351,LA BELLE EXCUSE A BORDEAUX(33)
hms-victory-a-bordeaux-44859,HMS VICTORY A BORDEAUX(33)
le-complexe-ex-cat-de-bordeaux-6604,LE COMPLEXE (ex CAT DE BORDEAUX)(33)
quai-du-maroc-a-bordeaux-35578,QUAI DU MAROC A BORDEAUX(33)
place-du-11-novembre-a-bordeaux-76445,PLACE DU 11 NOVEMBRE A BORDEAUX(33)
le-bordeaux-a-tulle-11621,LE BORDEAUX A TULLE(19)
mac-pessac-bordeaux---talence---maison-des-activites-culturelles-8431,MAC PESSAC (BORDEAUX - TALENCE) - MAISON DES ACTIVITES CULTURELLES(33)
lam-sciences-po-bordeaux-59875,LAM SCIENCES PO BORDEAUX(33)
campus-a-talence-bordeaux-21994,CAMPUS A TALENCE (BORDEAUX)(33)
cinema-gaumont-bordeaux-talence-41820,CINEMA GAUMONT BORDEAUX TALENCE(33)
amphi-kastler--universite-bordeaux-1-45174,AMPHI KASTLER / UNIVERSITE BORDEAUX 1(33)
ensap--ecole-darchitecture-et-de-paysage-de-talencebordeaux-15261,ENSAP / ECOLE D'ARCHITECTURE ET DE PAYSAGE DE TALENCE/BORDEAUX(33)
campus-de-bordeaux-1-11330,CAMPUS DE BORDEAUX 1(33)
kedge-campus-de-bordeaux-52622,KEDGE CAMPUS DE BORDEAUX(33)
cafe-le-bordeaux-a-cahors-17650,CAFE LE BORDEAUX A CAHORS(46)
centre-penitentiaire-de-bordeaux-gradignan-63441,CENTRE PENITENTIAIRE DE BORDEAUX GRADIGNAN(33)
campus-bordeaux-iv-a-gradignan-50153,CAMPUS BORDEAUX IV A GRADIGNAN(33)
lodyssee-a-carignan-de-bordeaux-58642,L'ODYSSEE A CARIGNAN DE BORDEAUX(33)
centre-bourg-dartigues-pres-bordeaux-33889,CENTRE BOURG D'ARTIGUES PRES BORDEAUX(33)
eglise-saint-martin-a-carignan-de-bordeaux-38242,EGLISE SAINT MARTIN A CARIGNAN DE BORDEAUX(33)
salle-des-fetes-de-lignan-de-bordeaux-45053,SALLE DES FETES DE LIGNAN DE BORDEAUX(33)
arenes-de-floirac-9933,ARENES DE FLOIRAC(33)
auditorium-de-floirac-12525,AUDITORIUM DE FLOIRAC(33)
parc-du-castel-a-floirac-12681,PARC DU CASTEL A FLOIRAC(33)
centre-social-du-haut-floirac-12683,CENTRE SOCIAL DU HAUT FLOIRAC(33)
centre-social-du-bas-floirac-14349,CENTRE SOCIAL DU BAS FLOIRAC(33)
parc-du-rectorat-dravemont-a-floirac-26137,PARC DU RECTORAT DRAVEMONT A FLOIRAC(33)
m270-a-floirac-41668,M270 A FLOIRAC(33)
salle-lucie-aubrac-a-floirac-41700,SALLE LUCIE AUBRAC A FLOIRAC(33)
ponton-a-floirac-44221,PONTON A FLOIRAC(33)
mairie-de-floirac-49799,MAIRIE DE FLOIRAC(33)
parc-des-etangs-de-floirac-56991,PARC DES ETANGS DE FLOIRAC(33)
maison-des-arts-et-loisirs-de-floirac-7853,MAISON DES ARTS ET LOISIRS DE FLOIRAC(33)
le-cantou-a-floirac-32178,LE CANTOU A FLOIRAC(46)
eglise-de-floirac-51604,EGLISE DE FLOIRAC(46)
eglise-saint-etienne-a-floirac-53407,EGLISE SAINT ETIENNE A FLOIRAC(17)
eglise-saint-etienne-a-floirac-53408,EGLISE SAINT ETIENNE A FLOIRAC(17)
cultura-a-merignac-26611,CULTURA A MERIGNAC(33)
centre-de-loisirs-des-deux-villes-a-merignac-27752,CENTRE DE LOISIRS DES DEUX VILLES A MERIGNAC(33)
mediatheque-de-merignac-28563,MEDIATHEQUE DE MERIGNAC(33)
hotel-mercure-a-merignac-31016,HOTEL MERCURE A MERIGNAC(33)
lessentiel-a-merignac-45313,L'ESSENTIEL A MERIGNAC(33)
rock-blues-cafe-a-merignac-46074,ROCK BLUES CAFE A MERIGNAC(33)
lessentiel-bar-a-vin-a-merignac-49699,L'ESSENTIEL BAR A VIN A MERIGNAC(33)
salle-la-mariniere-a-merignac-52816,SALLE LA MARINIERE A MERIGNAC(33)
cultura-a-merignac-58538,CULTURA A MERIGNAC(33)
le-pied-de-merignac-58817,LE PIED DE MERIGNAC(33)
eglise-sainte-bernadette-a-merignac-61426,EGLISE SAINTE BERNADETTE A MERIGNAC(33)
merignac-cinema-63183,MERIGNAC CINEMA(33)
macumba-club-de-merignac-7902,MACUMBA CLUB DE MERIGNAC(33)
chateau-luchey-halde-a-merignac-72539,CHATEAU LUCHEY HALDE A MERIGNAC(33)
la-glaciere-a-merignac-18830,LA GLACIERE A MERIGNAC(33)
eglise-saint-vincent-de-merignac-19379,EGLISE SAINT VINCENT DE MERIGNAC(33)
esplanade-du-chateau-de-burck-a-merignac-26277,ESPLANADE DU CHATEAU DE BURCK A MERIGNAC(33)
le-440-a-merignac-23373,LE 440 A MERIGNAC(16)
mediatheque-jacques-ellul-a-pessac-18538,MEDIATHEQUE JACQUES ELLUL A PESSAC(33)
le-galet-a-pessac-18475,LE GALET A PESSAC(33)
mac-3---space-campus-a-pessac-73705,MAC 3 - SPACE CAMPUS A PESSAC(33)
cinema-jean-eustache-a-pessac-50333,CINEMA JEAN EUSTACHE A PESSAC(33)
mac-pessac-bordeaux---talence---maison-des-activites-culturelles-8431,MAC PESSAC (BORDEAUX - TALENCE) - MAISON DES ACTIVITES CULTURELLES(33)
espace-social-alouette-animation-a-pessac-52293,ESPACE SOCIAL ALOUETTE ANIMATION A PESSAC(33)
salle-le-royal-a-pessac-14270,SALLE LE ROYAL A PESSAC(33)
parc-razon-a-pessac-56954,PARC RAZON A PESSAC(33)
parc-de-cazalet-a-pessac-15806,PARC DE CAZALET A PESSAC(33)
eglise-saint-martin-de-pessac-57145,EGLISE SAINT MARTIN DE PESSAC(33)
salle-bellegrave-a-pessac-16050,SALLE BELLEGRAVE A PESSAC(33)
theatre-nature-a-pessac-59635,THEATRE NATURE A PESSAC(33)
lephemere-a-pessac-59686,L'EPHEMERE A PESSAC(33)
campus-universitaire-a-pessac-18537,CAMPUS UNIVERSITAIRE A PESSAC(33)
echo-studio---les-echoppes-a-pessac-60730,ECHO STUDIO - LES ECHOPPES A PESSAC(33)
orangerie-a-pessac-64757,ORANGERIE A PESSAC(33)
parc-du-chateau-de-campognac-de-pessac-19408,PARC DU CHATEAU DE CAMPOGNAC DE PESSAC(33)
space-campus-a-pessac-64843,S'PACE CAMPUS A PESSAC(33)
salle-de-france-a-pessac-21830,SALLE DE FRANCE A PESSAC(33)
place-de-la-5eme-republique-a-pessac-71915,PLACE DE LA 5EME REPUBLIQUE A PESSAC(33)
skate-park-a-pessac-21831,SKATE PARK A PESSAC(33)
plein-air-a-pessac-30488,PLEIN AIR A PESSAC(33)
ecosite-du-bourgailh-a-pessac-44009,ECOSITE DU BOURGAILH A PESSAC(33)
eglise-saint-jean-marie-vianney-a-pessac-46627,EGLISE SAINT JEAN MARIE VIANNEY A PESSAC(33)
theatre-de-verdure-de-pessac-49308,THEATRE DE VERDURE DE PESSAC(33)
domaine-universitaire-de-talence-pessac-gradignan-49417,DOMAINE UNIVERSITAIRE DE TALENCE PESSAC GRADIGNAN(33)
parc-peixotto-a-talence-17497,PARC PEIXOTTO A TALENCE(33)
linconnue-a-talence-73805,L'INCONNUE A TALENCE(33)
mac-pessac-bordeaux---talence---maison-des-activites-culturelles-8431,MAC PESSAC (BORDEAUX - TALENCE) - MAISON DES ACTIVITES CULTURELLES(33)
esplanade-phedre-berenice-a-talence-42635,ESPLANADE PHEDRE BERENICE A TALENCE(33)
ecole-enseirb-de-talence-16871,ECOLE ENSEIRB DE TALENCE(33)
piscine-de-thouars-a-talence-42856,PISCINE DE THOUARS A TALENCE(33)
chapiteau-a-talence-17075,CHAPITEAU A TALENCE(33)
plein-air-a-talence-43207,PLEIN AIR A TALENCE(33)
librairie-georges-a-talence-45561,LIBRAIRIE GEORGES A TALENCE(33)
salle-agora-de-talence-18366,SALLE AGORA DE TALENCE(33)
campus-a-talence-bordeaux-21994,CAMPUS A TALENCE (BORDEAUX)(33)
le-dome--mediatheque-de-thouars-a-talence-45639,LE DOME / MEDIATHEQUE DE THOUARS A TALENCE(33)
edwood-cafe-a-talence-26582,EDWOOD CAFE A TALENCE(33)
mediatheque-gerard-castagnera-a-talence-45640,MEDIATHEQUE GERARD CASTAGNERA A TALENCE(33)
espace-francois-mauriac-a-talence-31073,ESPACE FRANCOIS MAURIAC A TALENCE(33)
bistrot-des-bouchons-a-talence-48942,BISTROT DES BOUCHONS A TALENCE(33)
eglise-ceev-a-talence-33182,EGLISE CEEV A TALENCE(33)
domaine-universitaire-de-talence-pessac-gradignan-49417,DOMAINE UNIVERSITAIRE DE TALENCE PESSAC GRADIGNAN(33)
place-du-forum-a-talence-33757,PLACE DU FORUM A TALENCE(33)
loverground-pole-associatif-et-culturel-a-talence-55609,L'OVERGROUND POLE ASSOCIATIF ET CULTUREL A TALENCE(33)
eglise-notre-dame-de-talence-39162,EGLISE NOTRE DAME DE TALENCE(33)
la-cabane-de-raba-a-talence-57001,LA CABANE DE RABA A TALENCE(33)
place-alcala-de-henares-a-talence-39237,PLACE ALCALA DE HENARES A TALENCE(33)
la-laiterie-a-talence-62503,LA LAITERIE A TALENCE(33)
eglise-sainte-famille-a-talence-40435,EGLISE SAINTE FAMILLE A TALENCE(33)
parc-chanteclerc-a-talence-63863,PARC CHANTECLERC A TALENCE(33)
l-antirouille-a-talence-8285,L' ANTIROUILLE A TALENCE(33)
forum-des-arts-et-de-la-culture-a-talence-40436,FORUM DES ARTS ET DE LA CULTURE A TALENCE(33)
caj-a-talence-64711,CAJ A TALENCE(33)
cinema-gaumont-bordeaux-talence-41820,CINEMA GAUMONT BORDEAUX TALENCE(33)
the-stag-65809,THE STAG & LOAR PUB A TALENCE(33)
ecole-michelet-a-talence-41871,ÉCOLE MICHELET A TALENCE(33)
le-gromm-a-talence-71101,LE GROMM A TALENCE(33)
ensap--ecole-darchitecture-et-de-paysage-de-talencebordeaux-15261,ENSAP / ECOLE D'ARCHITECTURE ET DE PAYSAGE DE TALENCE/BORDEAUX(33)
marche-de-thouars-a-talence-41872,MARCHE DE THOUARS A TALENCE(33)
domaine-de-raba-a-talence-71605,DOMAINE DE RABA A TALENCE(33)
maison-des-arts-a-talence-16143,MAISON DES ARTS A TALENCE(33)
chateau-de-talence-a-thouars-13582,CHATEAU DE TALENCE A THOUARS(47)
centre-bourg-dartigues-pres-bordeaux-33889,CENTRE BOURG D'ARTIGUES PRES BORDEAUX(33)
plein-air-a-carignan-de-bordeaux-34417,PLEIN AIR A CARIGNAN DE BORDEAUX(33)
eglise-saint-martin-a-carignan-de-bordeaux-38242,EGLISE SAINT MARTIN A CARIGNAN DE BORDEAUX(33)
lodyssee-a-carignan-de-bordeaux-58642,L'ODYSSEE A CARIGNAN DE BORDEAUX(33)
salle-des-fetes-de-lignan-de-bordeaux-45053,SALLE DES FETES DE LIGNAN DE BORDEAUX(33)
